{"0": {"x": 0.0, "y": 0.0, "z": 0.0, "ax": 0.0, "ay": 0.0, "az": 0.0, "scale": 1.0}, "1": {"x": -0.9471843446091519, "y": 0.047393137247151336, "z": 0.3171682642844397, "ax": 0.06743559842458209, "ay": 0.8773679485209506, "az": -0.004349158180352055, "scale": 11.61600000000686}, "2": {"x": 0.9485374470794643, "y": -0.0029265654440544173, "z": 0.3166514593408248, "ax": -0.09325349871101023, "ay": -0.7611263806135296, "az": -0.06406884353643295, "scale": 7.777199999999254}}