{"0": {"x": 0.0, "y": 0.0, "z": 0.0, "ax": 0.0, "ay": 0.0, "az": 0.0, "scale": 1.0}, "1": {"x": -0.9939912454343287, "y": 0.03965422019224109, "z": 0.10202424624008405, "ax": 0.0282585278764293, "ay": 0.5397686609457795, "az": 0.028699107767755444, "scale": 7.926399999999237}, "2": {"x": 0.9277684387272476, "y": 0.0021166383482514595, "z": 0.37315043071623083, "ax": -0.07464459708660529, "ay": -0.7650354494516303, "az": -0.049149388255970074, "scale": 8.982399999999253}}
