{"0": {"x": 0.0, "y": 0.0, "z": 0.0, "ax": 0.0, "ay": 0.0, "az": 0.0, "scale": 1.0}, "1": {"x": -0.9674530407151805, "y": 0.0024539877417638356, "z": 0.25303871631652525, "ax": 0.08745294761505251, "ay": 0.7838568065158715, "az": 0.07115999315552202, "scale": 1.0}, "2": {"x": 0.9764736666275234, "y": -0.09270973275909386, "z": 0.1946897116817881, "ax": -0.009835847620472293, "ay": -0.5628608592492443, "az": -0.07035553847556164, "scale": 1.5}}
