{"0": {"x": 0.0, "y": 0.0, "z": 0.0, "ax": 0.0, "ay": 0.0, "az": 0.0, "scale": 1.0}, "1": {"x": -0.99809084, "y": 0.01055763, "z": -0.06085395, "ax": -0.05413290236508746, "ay": 0.4209999072808337, "az": 0.057007449093484805, "scale": 1.0}}
